membraneMarker,membraneMarkerRabA,membraneMarkerRabB,membraneMarkerRabC,membraneMarkerRabD,membraneMarkerRabE,memERGIC,memERGICRabA,memERGICRabB,memERGICRabC,memERGICRabD,memERGICRabE,memGolgiMedial,memGolgiMedialRabA,memGolgiMedialRabB,memGolgiMedialRabC,memGolgiMedialRabD,memGolgiMedialRabE,memL,memLRabA,memLRabB,memLRabC,memLRabD,memLRabE,memLS,memLSRabA,memLSRabB,memLSRabC,memLSRabD,memLSRabE,memS,memSRabA,memSRabB,memSRabC,memSRabD,memSRabE,memTGN,memTGNRabA,memTGNRabB,memTGNRabC,memTGNRabD,memTGNRabE,memTub,memTubRabA,memTubRabB,memTubRabC,memTubRabD,memTubRabE,proton,protonRabA,protonRabB,protonRabC,protonRabD,protonRabE,solL,solLRabA,solLRabB,solLRabC,solLRabD,solLRabE,solS,solSRabA,solSRabB,solSRabC,solSRabD,solSRabE,solubleMarker,solubleMarkerRabA,solubleMarkerRabB,solubleMarkerRabC,solubleMarkerRabD,solubleMarkerRabE,
0.0,1.0,0.0,0.0,0.0,0.0,0.0,1.0,0.0,0.0,0.0,0.0,0.0,1.0,0.0,0.0,0.0,0.0,0.0,1.0,0.0,0.0,0.0,0.0,0.0,1.0,0.0,0.0,0.0,0.0,0.0,1.0,0.0,0.0,0.0,0.0,0.0,1.0,0.0,0.0,0.0,0.0,0.0,1.0,0.0,0.0,0.0,0.0,0.0,1.0,0.0,0.0,0.0,0.0,0.0,1.0,0.0,0.0,0.0,0.0,0.0,1.0,0.0,0.0,0.0,0.0,0.0,1.0,0.0,0.0,0.0,0.0,
0.0,1.0,0.0,0.0,0.0,0.0,0.0,1.0,0.0,0.0,0.0,0.0,0.0,1.0,0.0,0.0,0.0,0.0,0.0,1.0,0.0,0.0,0.0,0.0,0.0,1.0,0.0,0.0,0.0,0.0,0.0,1.0,0.0,0.0,0.0,0.0,0.0,1.0,0.0,0.0,0.0,0.0,0.0,1.0,0.0,0.0,0.0,0.0,0.0,1.0,0.0,0.0,0.0,0.0,0.0,1.0,0.0,0.0,0.0,0.0,0.0,1.0,0.0,0.0,0.0,0.0,0.0,1.0,0.0,0.0,0.0,0.0,
0.0,0.97567,0.02433,0.0,0.0,0.0,0.0,0.97587,0.02413,0.0,0.0,0.0,0.0,0.95322,0.03928,0.00744,6.0E-5,0.0,0.0,0.97567,0.02433,0.0,0.0,0.0,0.0,0.97567,0.02433,0.0,0.0,0.0,0.0,0.95322,0.03933,0.00733,1.2E-4,0.0,0.0,0.95322,0.03933,0.00733,1.2E-4,0.0,0.0,0.28168,0.39353,0.1798,0.14499,0.0,0.0,0.9552,0.03801,0.0067,1.0E-4,0.0,0.0,0.97567,0.02433,0.0,0.0,0.0,0.0,0.9552,0.03801,0.0067,1.0E-4,0.0,0.0,0.97567,0.02433,0.0,0.0,0.0,
0.0,0.99195,0.00805,0.0,0.0,0.0,0.0,0.98398,0.01602,0.0,0.0,0.0,0.0,0.95384,0.02461,0.02105,5.0E-4,0.0,0.0,0.99195,0.00805,0.0,0.0,0.0,0.0,0.99195,0.00805,0.0,0.0,0.0,0.0,0.95384,0.0246,0.02085,6.6E-4,6.0E-5,0.0,0.95384,0.0246,0.02085,6.6E-4,6.0E-5,0.0342,0.08423,0.21169,0.3535,0.30205,0.01434,0.0,0.95722,0.02312,0.01903,5.9E-4,5.0E-5,0.0,0.99195,0.00805,0.0,0.0,0.0,0.0,0.95722,0.02312,0.01903,5.9E-4,5.0E-5,0.0,0.99195,0.00805,0.0,0.0,0.0,
0.0,0.9835,0.0165,0.0,0.0,0.0,0.0,0.96795,0.03205,0.0,0.0,0.0,0.0,0.93843,0.03923,0.02159,7.5E-4,0.0,0.0,0.9835,0.0165,0.0,0.0,0.0,0.0,0.9835,0.0165,0.0,0.0,0.0,0.0,0.93843,0.0397,0.02083,9.7E-4,6.0E-5,0.0,0.93843,0.0397,0.02083,9.7E-4,6.0E-5,0.04204,0.05215,0.32523,0.13527,0.12113,0.32417,0.0,0.94244,0.03757,0.01907,8.5E-4,5.0E-5,0.0,0.9835,0.0165,0.0,0.0,0.0,0.0,0.94244,0.03757,0.01907,8.5E-4,5.0E-5,0.0,0.9835,0.0165,0.0,0.0,0.0,
0.0,0.93044,0.06956,0.0,0.0,0.0,0.0,0.91549,0.08451,0.0,0.0,0.0,0.0,0.88099,0.09599,0.02271,3.1E-4,0.0,0.0,0.93044,0.06956,0.0,0.0,0.0,0.0,0.93044,0.06956,0.0,0.0,0.0,0.0,0.881,0.09664,0.02163,6.5E-4,6.0E-5,0.0,0.881,0.09664,0.02163,6.5E-4,6.0E-5,0.22284,0.16215,0.22352,0.1719,0.1495,0.07008,0.0,0.88536,0.09419,0.01983,5.6E-4,5.0E-5,0.0,0.93044,0.06956,0.0,0.0,0.0,0.0,0.88536,0.09419,0.01983,5.6E-4,5.0E-5,0.0,0.93044,0.06956,0.0,0.0,0.0,
0.0,0.96808,0.03192,0.0,0.0,0.0,0.0,0.95276,0.04685,3.9E-4,0.0,0.0,0.0,0.90305,0.06418,0.03153,0.0012,5.0E-5,0.0,0.96808,0.03192,0.0,0.0,0.0,0.0,0.96808,0.03192,0.0,0.0,0.0,1.0E-5,0.90312,0.0731,0.0224,0.00126,1.1E-4,1.0E-5,0.90312,0.0731,0.0224,0.00126,1.1E-4,0.40243,0.0664,0.23967,0.09282,0.18524,0.01345,1.0E-5,0.90888,0.06941,0.02055,0.00106,9.0E-5,0.0,0.96808,0.03192,0.0,0.0,0.0,1.0E-5,0.90888,0.06941,0.02055,0.00106,9.0E-5,0.0,0.96808,0.03192,0.0,0.0,0.0,
0.0,0.95373,0.04627,0.0,0.0,0.0,0.0,0.9384,0.06146,1.4E-4,0.0,0.0,0.0,0.88226,0.06787,0.0486,0.00124,3.0E-5,0.0,0.95373,0.04627,0.0,0.0,0.0,0.0,0.95373,0.04627,0.0,0.0,0.0,2.0E-5,0.88248,0.09408,0.02204,0.00129,9.0E-5,2.0E-5,0.88248,0.09408,0.02204,0.00129,9.0E-5,0.45437,0.04844,0.21245,0.13066,0.15082,0.00325,2.0E-5,0.88883,0.08981,0.02018,0.00109,8.0E-5,0.0,0.95373,0.04627,0.0,0.0,0.0,2.0E-5,0.88883,0.08981,0.02018,0.00109,8.0E-5,0.0,0.95373,0.04627,0.0,0.0,0.0,
0.0,0.93048,0.06952,0.0,0.0,0.0,0.0,0.90104,0.09138,0.00708,4.4E-4,6.0E-5,0.0,0.83014,0.09794,0.06631,0.00505,5.6E-4,0.0,0.93048,0.06952,0.0,0.0,0.0,0.0,0.93048,0.06952,0.0,0.0,0.0,2.0E-5,0.83041,0.11999,0.04514,0.00397,4.6E-4,2.0E-5,0.83041,0.11999,0.04514,0.00397,4.6E-4,0.47359,0.00794,0.04737,0.34118,0.09918,0.03073,2.0E-5,0.83913,0.11575,0.04115,0.00354,4.1E-4,0.0,0.93048,0.06952,0.0,0.0,0.0,2.0E-5,0.83913,0.11575,0.04115,0.00354,4.1E-4,0.0,0.93048,0.06952,0.0,0.0,0.0,
0.0,0.92237,0.06987,0.00776,0.0,0.0,0.0,0.89299,0.09201,0.01451,3.8E-4,1.1E-4,0.0,0.81634,0.09956,0.07838,0.00456,0.00115,0.0,0.92237,0.06987,0.00776,0.0,0.0,0.0,0.92237,0.06987,0.00776,0.0,0.0,3.0E-5,0.81021,0.12066,0.06381,0.00431,9.8E-4,3.0E-5,0.81021,0.12066,0.06381,0.00431,9.8E-4,0.49743,0.00379,0.02954,0.38875,0.06178,0.01871,3.0E-5,0.81992,0.11648,0.05884,0.00384,8.9E-4,0.0,0.92237,0.06987,0.00776,0.0,0.0,3.0E-5,0.81992,0.11648,0.05884,0.00384,8.9E-4,0.0,0.92237,0.06987,0.00776,0.0,0.0,
0.0,0.8833,0.10892,0.00778,0.0,0.0,0.0,0.859,0.12615,0.01444,3.5E-4,6.0E-5,0.0,0.78183,0.13317,0.0802,0.00416,6.4E-4,0.0,0.8833,0.10892,0.00778,0.0,0.0,0.0,0.8833,0.10892,0.00778,0.0,0.0,7.0E-5,0.77351,0.1573,0.06422,0.00426,6.4E-4,7.0E-5,0.77351,0.1573,0.06422,0.00426,6.4E-4,0.5766,0.00332,0.11195,0.24371,0.04602,0.0184,5.0E-5,0.78298,0.15335,0.05927,0.00378,5.7E-4,0.0,0.8833,0.10892,0.00778,0.0,0.0,5.0E-5,0.78298,0.15335,0.05927,0.00378,5.7E-4,0.0,0.8833,0.10892,0.00778,0.0,0.0,
0.0,0.87665,0.10884,0.00726,0.00726,0.0,0.0,0.84877,0.12946,0.01445,0.00727,6.0E-5,0.0,0.77599,0.13142,0.08247,0.00948,6.4E-4,0.0,0.87665,0.10884,0.00726,0.00726,0.0,0.0,0.87665,0.10884,0.00726,0.00726,0.0,1.1E-4,0.76471,0.15916,0.06524,0.01012,6.5E-4,1.1E-4,0.76471,0.15916,0.06524,0.01012,6.5E-4,0.60106,0.00228,0.1154,0.22899,0.01972,0.03254,8.0E-5,0.77435,0.15503,0.06022,0.00974,5.8E-4,0.0,0.87665,0.10884,0.00726,0.00726,0.0,8.0E-5,0.77435,0.15503,0.06022,0.00974,5.8E-4,0.0,0.87665,0.10884,0.00726,0.00726,0.0,
0.0,0.91123,0.07398,0.0074,0.0074,0.0,0.0,0.88219,0.09528,0.01518,0.00729,6.0E-5,0.0,0.80653,0.09908,0.08217,0.01136,8.7E-4,0.0,0.91123,0.07398,0.0074,0.0074,0.0,0.0,0.91123,0.07398,0.0074,0.0074,0.0,1.1E-4,0.77796,0.13754,0.06651,0.01667,0.00121,1.1E-4,0.77796,0.13754,0.06651,0.01667,0.00121,0.61776,0.00169,0.11858,0.02226,0.22398,0.01572,9.0E-5,0.78938,0.13226,0.06157,0.01562,0.00108,0.0,0.91123,0.07398,0.0074,0.0074,0.0,9.0E-5,0.78938,0.13226,0.06157,0.01562,0.00108,0.0,0.91123,0.07398,0.0074,0.0074,0.0,
0.0,0.93086,0.05377,0.00768,0.00768,0.0,0.0,0.90176,0.07573,0.01495,0.0075,6.0E-5,0.0,0.82387,0.07242,0.09157,0.01129,8.5E-4,0.0,0.93086,0.05377,0.00768,0.00768,0.0,0.0,0.93086,0.05377,0.00768,0.00768,0.0,2.7E-4,0.78342,0.12634,0.07204,0.01678,0.00117,2.7E-4,0.78342,0.12634,0.07204,0.01678,0.00117,0.70126,0.00182,0.04713,0.16763,0.04149,0.04066,2.1E-4,0.79604,0.1204,0.06654,0.01576,0.00104,0.0,0.93086,0.05377,0.00768,0.00768,0.0,2.1E-4,0.79604,0.1204,0.06654,0.01576,0.00104,0.0,0.93086,0.05377,0.00768,0.00768,0.0,
0.0,0.9241,0.06072,0.00759,0.00759,0.0,0.0,0.8874,0.09014,0.01504,0.00735,6.0E-5,0.0,0.81787,0.06798,0.10324,0.01008,8.3E-4,0.0,0.9241,0.06072,0.00759,0.00759,0.0,0.0,0.9241,0.06072,0.00759,0.00759,0.0,3.4E-4,0.77151,0.13688,0.07341,0.01699,8.7E-4,3.4E-4,0.77151,0.13688,0.07341,0.01699,8.7E-4,0.73275,6.8E-4,0.0485,0.10544,0.09941,0.01322,2.7E-4,0.78457,0.13072,0.06775,0.01591,7.8E-4,0.0,0.9241,0.06072,0.00759,0.00759,0.0,2.7E-4,0.78457,0.13072,0.06775,0.01591,7.8E-4,0.0,0.9241,0.06072,0.00759,0.00759,0.0,
0.0,0.93565,0.04826,0.00804,0.00804,0.0,0.0,0.90004,0.07694,0.01537,0.00759,6.0E-5,0.0,0.82812,0.05624,0.1062,0.00861,8.4E-4,0.0,0.93565,0.04826,0.00804,0.00804,0.0,0.0,0.93565,0.04826,0.00804,0.00804,0.0,4.3E-4,0.77651,0.13101,0.07312,0.01779,0.00114,4.3E-4,0.77651,0.13101,0.07312,0.01779,0.00114,0.75912,4.0E-4,0.03535,0.1201,0.08365,0.00138,3.4E-4,0.7901,0.12432,0.06759,0.01664,0.00101,0.0,0.93565,0.04826,0.00804,0.00804,0.0,3.4E-4,0.7901,0.12432,0.06759,0.01664,0.00101,0.0,0.93565,0.04826,0.00804,0.00804,0.0,
0.0,0.95876,0.02474,0.00825,0.00825,0.0,0.0,0.92268,0.05417,0.01549,0.00759,7.0E-5,0.0,0.84859,0.03389,0.10492,0.01169,9.1E-4,0.0,0.95876,0.02474,0.00825,0.00825,0.0,0.0,0.95876,0.02474,0.00825,0.00825,0.0,5.4E-4,0.77777,0.12899,0.07345,0.01768,0.00157,5.4E-4,0.77777,0.12899,0.07345,0.01768,0.00157,0.77575,2.2E-4,0.03452,0.02051,0.16557,0.00343,4.3E-4,0.79302,0.12068,0.06797,0.01655,0.00136,0.0,0.95876,0.02474,0.00825,0.00825,0.0,4.3E-4,0.79302,0.12068,0.06797,0.01655,0.00136,0.0,0.95876,0.02474,0.00825,0.00825,0.0,
0.0,0.97454,0.00849,0.00849,0.00849,0.0,0.0,0.93769,0.03905,0.01558,0.00762,7.0E-5,0.0,0.86256,0.01892,0.10344,0.01389,0.00118,0.0,0.97454,0.00849,0.00849,0.00849,0.0,0.0,0.97454,0.00849,0.00849,0.00849,0.0,5.6E-4,0.78429,0.10809,0.07273,0.03141,0.00291,5.6E-4,0.78429,0.10809,0.07273,0.03141,0.00291,0.79654,1.3E-4,0.03723,0.00929,0.12476,0.03205,4.5E-4,0.80024,0.1003,0.06751,0.02896,0.00255,0.0,0.97454,0.00849,0.00849,0.00849,0.0,4.5E-4,0.80024,0.1003,0.06751,0.02896,0.00255,0.0,0.97454,0.00849,0.00849,0.00849,0.0,
0.0,0.97387,0.00871,0.00871,0.00871,0.0,0.0,0.93752,0.03909,0.01564,0.00768,7.0E-5,0.0,0.86199,0.019,0.10636,0.01161,0.00105,0.0,0.97387,0.00871,0.00871,0.00871,0.0,0.0,0.97387,0.00871,0.00871,0.00871,0.0,6.0E-4,0.78414,0.10235,0.07251,0.03719,0.00321,6.0E-4,0.78414,0.10235,0.07251,0.03719,0.00321,0.81916,1.2E-4,0.04112,0.10472,0.03174,0.00315,4.7E-4,0.80005,0.09501,0.06729,0.03434,0.00284,0.0,0.97387,0.00871,0.00871,0.00871,0.0,4.7E-4,0.80005,0.09501,0.06729,0.03434,0.00284,0.0,0.97387,0.00871,0.00871,0.00871,0.0,
0.0,0.97312,0.00896,0.00896,0.00896,0.0,0.0,0.92192,0.0408,0.02925,0.00786,1.8E-4,0.0,0.86121,0.02591,0.10028,0.01175,8.6E-4,0.0,0.97312,0.00896,0.00896,0.00896,0.0,0.0,0.97312,0.00896,0.00896,0.00896,0.0,0.00111,0.77146,0.09163,0.09515,0.03714,0.0035,0.00111,0.77146,0.09163,0.09515,0.03714,0.0035,0.82708,4.0E-4,0.03667,0.05617,0.00643,0.07324,8.9E-4,0.7882,0.08554,0.08796,0.03436,0.00304,0.0,0.97312,0.00896,0.00896,0.00896,0.0,8.9E-4,0.7882,0.08554,0.08796,0.03436,0.00304,0.0,0.97312,0.00896,0.00896,0.00896,0.0,
0.0,0.81822,0.16832,0.00673,0.00673,0.0,0.0,0.77468,0.18967,0.02898,0.00649,1.8E-4,0.0,0.72425,0.16374,0.10117,0.00999,8.5E-4,0.0,0.81822,0.16832,0.00673,0.00673,0.0,0.0,0.81822,0.16832,0.00673,0.00673,0.0,0.00116,0.63573,0.22452,0.09756,0.03775,0.00328,0.00116,0.63573,0.22452,0.09756,0.03775,0.00328,0.86212,2.8E-4,0.01521,0.07783,0.03581,0.00876,9.3E-4,0.65048,0.22112,0.08992,0.0347,0.00285,0.0,0.81822,0.16832,0.00673,0.00673,0.0,9.3E-4,0.65048,0.22112,0.08992,0.0347,0.00285,0.0,0.01099,0.94503,0.04398,0.0,0.0,
0.0,0.7978,0.18915,0.00652,0.00652,0.0,0.0,0.75555,0.20861,0.02935,0.0063,1.9E-4,0.0,0.7062,0.17873,0.10435,0.00987,8.5E-4,0.0,0.7978,0.18915,0.00652,0.00652,0.0,0.0,0.7978,0.18915,0.00652,0.00652,0.0,0.00146,0.61612,0.24217,0.09944,0.03781,0.00301,0.00146,0.61612,0.24217,0.09944,0.03781,0.00301,0.86878,1.8E-4,0.01196,0.08124,0.03493,0.00292,0.00117,0.63075,0.23904,0.09167,0.03476,0.00262,0.0,0.7978,0.18915,0.00652,0.00652,0.0,0.00117,0.63075,0.23904,0.09167,0.03476,0.00262,0.0,0.01053,0.93681,0.05265,0.0,0.0,
0.0,0.78109,0.19315,0.01932,0.00644,0.0,0.0,0.73994,0.21208,0.04154,0.00624,2.1E-4,0.0,0.51968,0.13646,0.32951,0.01345,9.0E-4,0.0,0.78109,0.19315,0.01932,0.00644,0.0,0.0,0.78109,0.19315,0.01932,0.00644,0.0,0.00204,0.58132,0.26199,0.11117,0.04072,0.00276,0.00204,0.58132,0.26199,0.11117,0.04072,0.00276,0.90806,0.01136,0.02244,0.03939,0.01764,0.00112,0.00164,0.59708,0.25789,0.10391,0.03709,0.00239,0.0,0.78109,0.19315,0.01932,0.00644,0.0,0.00164,0.59708,0.25789,0.10391,0.03709,0.00239,0.0,0.01112,0.94442,0.04446,0.0,0.0,
0.0,0.7988,0.18779,0.00671,0.00671,0.0,0.0,0.76117,0.20458,0.02776,0.00631,1.8E-4,0.0,0.35791,0.12332,0.50161,0.01293,0.00423,0.0,0.7988,0.18779,0.00671,0.00671,0.0,0.0,0.7988,0.18779,0.00671,0.00671,0.0,0.00207,0.59371,0.23566,0.12382,0.0418,0.00295,0.00207,0.59371,0.23566,0.12382,0.0418,0.00295,0.9087,0.01105,0.00191,0.06887,0.00899,4.7E-4,0.00167,0.60989,0.23331,0.11444,0.03813,0.00257,0.0,0.7988,0.18779,0.00671,0.00671,0.0,0.00167,0.60989,0.23331,0.11444,0.03813,0.00257,0.0,0.01205,0.97589,0.01205,0.0,0.0,
0.0,0.82282,0.163,0.00709,0.00709,0.0,0.0,0.75593,0.20258,0.03422,0.00706,2.1E-4,0.0,0.37201,0.13137,0.47252,0.02026,0.00384,0.0,0.82282,0.163,0.00709,0.00709,0.0,0.0,0.82282,0.163,0.00709,0.00709,0.0,0.00213,0.58519,0.227,0.13759,0.04512,0.00297,0.00213,0.58519,0.227,0.13759,0.04512,0.00297,0.90901,0.00159,0.01317,0.04107,0.03479,3.7E-4,0.00171,0.60374,0.22383,0.12701,0.04112,0.0026,0.0,0.82282,0.163,0.00709,0.00709,0.0,0.00171,0.60374,0.22383,0.12701,0.04112,0.0026,0.0,0.04257,0.93614,0.02129,0.0,0.0,
0.0,0.81489,0.17087,0.00712,0.00712,0.0,0.0,0.76539,0.19249,0.03499,0.0069,2.3E-4,0.0,0.36489,0.1222,0.49194,0.01692,0.00406,0.0,0.81489,0.17087,0.00712,0.00712,0.0,0.0,0.81489,0.17087,0.00712,0.00712,0.0,0.00219,0.57364,0.23558,0.13742,0.04351,0.00767,0.00219,0.57364,0.23558,0.13742,0.04351,0.00767,0.92836,0.0027,0.01448,0.00472,0.01981,0.02993,0.00176,0.59229,0.23242,0.12728,0.03975,0.0065,0.0,0.81489,0.17087,0.00712,0.00712,0.0,0.00176,0.59229,0.23242,0.12728,0.03975,0.0065,0.0,0.02223,0.95554,0.02223,0.0,0.0,
0.0,0.84369,0.1421,0.00711,0.00711,0.0,0.0,0.78824,0.16971,0.03501,0.00681,2.4E-4,0.0,0.37776,0.10696,0.49802,0.01306,0.0042,0.0,0.84369,0.1421,0.00711,0.00711,0.0,0.0,0.84369,0.1421,0.00711,0.00711,0.0,0.00261,0.58836,0.22236,0.13692,0.04122,0.00854,0.00261,0.58836,0.22236,0.13692,0.04122,0.00854,0.95162,0.0016,0.01721,0.00328,0.01677,0.00953,0.00209,0.60804,0.21801,0.12686,0.03775,0.00725,0.0,0.84369,0.1421,0.00711,0.00711,0.0,0.00209,0.60804,0.21801,0.12686,0.03775,0.00725,0.0,0.01163,0.97673,0.01163,0.0,0.0,
0.0,0.85681,0.12887,0.00716,0.00716,0.0,0.0,0.78612,0.16761,0.0392,0.00682,2.6E-4,0.0,0.38371,0.09383,0.48244,0.03479,0.00522,0.0,0.85681,0.12887,0.00716,0.00716,0.0,0.0,0.85681,0.12887,0.00716,0.00716,0.0,0.00261,0.58447,0.21417,0.14354,0.04558,0.00964,0.00261,0.58447,0.21417,0.14354,0.04558,0.00964,0.95162,5.6E-4,0.01407,0.0024,0.02683,0.00452,0.00209,0.60528,0.20955,0.13353,0.04131,0.00824,0.0,0.85681,0.12887,0.00716,0.00716,0.0,0.00209,0.60528,0.20955,0.13353,0.04131,0.00824,0.0,0.00918,0.90822,0.0826,0.0,0.0,
0.0,0.8737,0.11144,0.00743,0.00743,0.0,0.0,0.80446,0.14952,0.03865,0.00713,2.4E-4,0.0,0.39096,0.0963,0.48059,0.02754,0.00461,0.0,0.8737,0.11144,0.00743,0.00743,0.0,0.0,0.8737,0.11144,0.00743,0.00743,0.0,0.00312,0.59774,0.2011,0.14113,0.04735,0.00956,0.00312,0.59774,0.2011,0.14113,0.04735,0.00956,0.96599,5.5E-4,0.00801,0.01813,0.00628,0.00105,0.0025,0.61886,0.19628,0.13121,0.04297,0.00818,0.0,0.8737,0.11144,0.00743,0.00743,0.0,0.0025,0.61886,0.19628,0.13121,0.04297,0.00818,0.0,0.00781,0.08596,0.88278,0.01563,0.00781,
0.0,0.8921,0.09249,0.00771,0.00771,0.0,0.0,0.78368,0.16523,0.0428,0.00803,2.6E-4,0.0,0.39934,0.07652,0.49975,0.02013,0.00427,0.0,0.8921,0.09249,0.00771,0.00771,0.0,0.0,0.8921,0.09249,0.00771,0.00771,0.0,0.00358,0.58187,0.21121,0.1455,0.04935,0.00848,0.00358,0.58187,0.21121,0.1455,0.04935,0.00848,0.96907,3.3E-4,0.00837,0.01953,0.00239,3.1E-4,0.00286,0.60519,0.20449,0.13533,0.0449,0.00724,0.0,0.8921,0.09249,0.00771,0.00771,0.0,0.00286,0.60519,0.20449,0.13533,0.0449,0.00724,0.0,0.0082,0.0656,0.90161,0.0164,0.0082,
0.0,0.89372,0.08993,0.00818,0.00818,0.0,0.0,0.79915,0.14828,0.04256,0.00976,2.5E-4,0.0,0.40012,0.05905,0.49867,0.03778,0.00438,0.0,0.89372,0.08993,0.00818,0.00818,0.0,0.0,0.89372,0.08993,0.00818,0.00818,0.0,0.00382,0.57879,0.20168,0.15124,0.0561,0.00838,0.00382,0.57879,0.20168,0.15124,0.0561,0.00838,0.96922,0.00396,0.00524,0.01743,0.00398,1.7E-4,0.00304,0.60227,0.19552,0.14085,0.05114,0.00718,0.0,0.89372,0.08993,0.00818,0.00818,0.0,0.00304,0.60227,0.19552,0.14085,0.05114,0.00718,0.0,0.00788,0.03151,0.90548,0.04726,0.00788,
0.0,0.92719,0.05663,0.00809,0.00809,0.0,0.0,0.82632,0.12131,0.0435,0.00861,2.6E-4,0.0,0.41504,0.04045,0.51035,0.02965,0.00451,0.0,0.92719,0.05663,0.00809,0.00809,0.0,0.0,0.92719,0.05663,0.00809,0.00809,0.0,0.00406,0.58809,0.19104,0.15363,0.05502,0.00817,0.00406,0.58809,0.19104,0.15363,0.05502,0.00817,0.96924,0.00367,0.00396,0.01406,0.00903,3.0E-5,0.00322,0.61313,0.18354,0.14316,0.04992,0.00703,0.0,0.92719,0.05663,0.00809,0.00809,0.0,0.00322,0.61313,0.18354,0.14316,0.04992,0.00703,0.0,0.00827,0.0248,0.92559,0.03307,0.00827,
0.0,0.86306,0.12253,0.00721,0.00721,0.0,0.0,0.76694,0.18434,0.03831,0.00947,9.4E-4,0.0,0.38628,0.07228,0.47141,0.05365,0.0164,0.0,0.86306,0.12253,0.00721,0.00721,0.0,0.0,0.86306,0.12253,0.00721,0.00721,0.0,0.00422,0.54675,0.22573,0.14937,0.05677,0.01716,0.00422,0.54675,0.22573,0.14937,0.05677,0.01716,0.97133,0.00316,0.00767,0.00971,0.00597,0.00217,0.00335,0.57012,0.2207,0.13903,0.05199,0.0148,0.0,0.86306,0.12253,0.00721,0.00721,0.0,0.00335,0.57012,0.2207,0.13903,0.05199,0.0148,0.0,0.00752,0.03008,0.8571,0.07521,0.03008,
0.0,0.88749,0.09751,0.0075,0.0075,0.0,0.0,0.82912,0.12489,0.03626,0.00898,7.5E-4,0.0,0.39724,0.05771,0.48514,0.04706,0.01286,0.0,0.88749,0.09751,0.0075,0.0075,0.0,0.0,0.88749,0.09751,0.0075,0.0075,0.0,0.00422,0.55717,0.2153,0.15,0.05711,0.01621,0.00422,0.55717,0.2153,0.15,0.05711,0.01621,0.97133,0.00268,0.00794,0.00627,0.01052,0.00127,0.00335,0.58134,0.20945,0.13976,0.05216,0.01393,0.0,0.88749,0.09751,0.0075,0.0075,0.0,0.00335,0.58134,0.20945,0.13976,0.05216,0.01393,0.0,0.00807,0.0242,0.87899,0.06454,0.0242,
0.0,0.83855,0.14039,0.01404,0.00702,0.0,0.0,0.79751,0.14998,0.04284,0.00916,5.1E-4,0.0,0.37564,0.06832,0.47472,0.07171,0.00961,0.0,0.83855,0.14039,0.01404,0.00702,0.0,0.0,0.83855,0.14039,0.01404,0.00702,0.0,0.00602,0.5207,0.2373,0.15958,0.06032,0.01608,0.00602,0.5207,0.2373,0.15958,0.06032,0.01608,0.97809,0.00518,0.00485,0.00113,0.01041,3.4E-4,0.00483,0.54371,0.23307,0.14967,0.05491,0.01381,0.0,0.83855,0.14039,0.01404,0.00702,0.0,0.00483,0.54371,0.23307,0.14967,0.05491,0.01381,0.0,0.0082,0.0082,0.88521,0.08199,0.0164,
0.0,0.85192,0.13398,0.00705,0.00705,0.0,0.0,0.77301,0.17735,0.04009,0.00928,2.6E-4,0.0,0.19305,0.03753,0.48523,0.27163,0.01255,0.0,0.85192,0.13398,0.00705,0.00705,0.0,0.0,0.85192,0.13398,0.00705,0.00705,0.0,0.00755,0.51681,0.23937,0.15475,0.06654,0.01499,0.00755,0.51681,0.23937,0.15475,0.06654,0.01499,0.97821,3.5E-4,0.00327,0.0052,0.0126,3.7E-4,0.00609,0.54097,0.23478,0.14491,0.06043,0.01283,0.0,0.85192,0.13398,0.00705,0.00705,0.0,0.00609,0.54097,0.23478,0.14491,0.06043,0.01283,0.0,0.00848,0.00848,0.89827,0.0763,0.00848,
0.0,0.86649,0.11868,0.00742,0.00742,0.0,0.0,0.8054,0.14696,0.03881,0.00855,2.8E-4,0.0,0.19637,0.03345,0.58313,0.17854,0.00851,0.0,0.86649,0.11868,0.00742,0.00742,0.0,0.0,0.86649,0.11868,0.00742,0.00742,0.0,0.00795,0.52416,0.2318,0.15423,0.06765,0.01421,0.00795,0.52416,0.2318,0.15423,0.06765,0.01421,0.97822,0.00106,0.00197,0.01345,0.00523,6.0E-5,0.0064,0.54869,0.22703,0.14443,0.06125,0.01219,0.0,0.86649,0.11868,0.00742,0.00742,0.0,0.0064,0.54869,0.22703,0.14443,0.06125,0.01219,0.0,0.00885,0.00885,0.92033,0.05312,0.00885,
0.0,0.86939,0.1161,0.00726,0.00726,0.0,0.0,0.82977,0.12505,0.03657,0.00834,2.7E-4,0.0,0.19705,0.0396,0.50895,0.23563,0.01876,0.0,0.86939,0.1161,0.00726,0.00726,0.0,0.0,0.86939,0.1161,0.00726,0.00726,0.0,0.00805,0.51613,0.23735,0.15268,0.06911,0.01668,0.00805,0.51613,0.23735,0.15268,0.06911,0.01668,0.97823,7.1E-4,9.6E-4,0.00798,0.01132,8.0E-4,0.00647,0.54106,0.23253,0.1434,0.06217,0.01437,0.0,0.86939,0.1161,0.00726,0.00726,0.0,0.00647,0.54106,0.23253,0.1434,0.06217,0.01437,0.0,0.00862,0.01725,0.92239,0.04312,0.00862,
0.0,0.87516,0.11015,0.00734,0.00734,0.0,0.0,0.82174,0.11997,0.05007,0.00782,3.9E-4,0.0,0.20698,0.04475,0.51794,0.21574,0.01459,0.0,0.87516,0.11015,0.00734,0.00734,0.0,0.0,0.87516,0.11015,0.00734,0.00734,0.0,0.00962,0.50699,0.23719,0.1612,0.06917,0.01583,0.00962,0.50699,0.23719,0.1612,0.06917,0.01583,0.98373,2.2E-4,0.00176,0.0056,0.00552,0.00317,0.00772,0.53272,0.23221,0.15164,0.06205,0.01366,0.0,0.87516,0.11015,0.00734,0.00734,0.0,0.00772,0.53272,0.23221,0.15164,0.06205,0.01366,0.0,0.02522,0.03362,0.91594,0.01681,0.00841,
0.0,0.89593,0.0892,0.00743,0.00743,0.0,0.0,0.85601,0.1025,0.03345,0.00781,2.3E-4,0.0,0.20642,0.08277,0.50068,0.19985,0.01028,0.0,0.89593,0.0892,0.00743,0.00743,0.0,0.0,0.89593,0.0892,0.00743,0.00743,0.0,0.01033,0.51515,0.22488,0.16189,0.07305,0.0147,0.01033,0.51515,0.22488,0.16189,0.07305,0.0147,0.98798,0.00152,4.3E-4,0.00464,0.00435,0.00108,0.00829,0.54155,0.21999,0.15191,0.06559,0.01268,0.0,0.89593,0.0892,0.00743,0.00743,0.0,0.00829,0.54155,0.21999,0.15191,0.06559,0.01268,0.0,0.01482,0.11114,0.8444,0.02223,0.00741,
0.0,0.90792,0.07674,0.00767,0.00767,0.0,0.0,0.868,0.08977,0.03445,0.00754,2.4E-4,0.0,0.20945,0.06981,0.57017,0.14283,0.00776,0.0,0.90792,0.07674,0.00767,0.00767,0.0,0.0,0.90792,0.07674,0.00767,0.00767,0.0,0.01071,0.52254,0.21677,0.1645,0.07158,0.01389,0.01071,0.52254,0.21677,0.1645,0.07158,0.01389,0.98886,0.0015,0.00155,0.00405,0.0039,1.3E-4,0.00858,0.54928,0.21149,0.15438,0.06426,0.01201,0.0,0.90792,0.07674,0.00767,0.00767,0.0,0.00858,0.54928,0.21149,0.15438,0.06426,0.01201,0.0,0.01551,0.09305,0.87593,0.00775,0.00775,
0.0,0.91517,0.06941,0.00771,0.00771,0.0,0.0,0.89275,0.07901,0.02039,0.00774,1.1E-4,0.0,0.20707,0.08845,0.57423,0.12148,0.00877,0.0,0.91517,0.06941,0.00771,0.00771,0.0,0.0,0.91517,0.06941,0.00771,0.00771,0.0,0.0109,0.51987,0.2185,0.15952,0.0765,0.01472,0.0109,0.51987,0.2185,0.15952,0.0765,0.01472,0.98893,0.00234,6.1E-4,0.00371,0.00423,1.9E-4,0.00872,0.54688,0.21328,0.1496,0.06877,0.01276,0.0,0.91517,0.06941,0.00771,0.00771,0.0,0.00872,0.54688,0.21328,0.1496,0.06877,0.01276,0.0,0.00704,0.11271,0.84503,0.02818,0.00704,
0.0,0.93613,0.04791,0.00798,0.00798,0.0,0.0,0.9081,0.06324,0.02074,0.0078,1.1E-4,0.0,0.21214,0.09464,0.63592,0.05121,0.00608,0.0,0.93613,0.04791,0.00798,0.00798,0.0,0.0,0.93613,0.04791,0.00798,0.00798,0.0,0.01173,0.52683,0.20606,0.16254,0.07892,0.01391,0.01173,0.52683,0.20606,0.16254,0.07892,0.01391,0.98982,6.1E-4,0.00204,0.00278,0.00471,4.0E-5,0.00938,0.55482,0.20017,0.15264,0.0709,0.01209,0.0,0.93613,0.04791,0.00798,0.00798,0.0,0.00938,0.55482,0.20017,0.15264,0.0709,0.01209,0.0,0.00704,0.11975,0.84503,0.02113,0.00704,
0.0,0.97533,0.00822,0.00822,0.00822,0.0,0.0,0.92617,0.02995,0.03512,0.00854,2.3E-4,0.0,0.22547,0.10307,0.5843,0.07904,0.00813,0.0,0.97533,0.00822,0.00822,0.00822,0.0,0.0,0.97533,0.00822,0.00822,0.00822,0.0,0.01286,0.54378,0.18791,0.15839,0.08131,0.01576,0.01286,0.54378,0.18791,0.15839,0.08131,0.01576,0.99168,3.0E-4,9.4E-4,0.00416,0.00273,1.9E-4,0.01028,0.57332,0.18076,0.14888,0.07305,0.01371,0.0,0.97533,0.00822,0.00822,0.00822,0.0,0.01028,0.57332,0.18076,0.14888,0.07305,0.01371,0.0,0.01334,0.14004,0.81328,0.02667,0.00667,
0.0,0.97449,0.0085,0.0085,0.0085,0.0,0.0,0.89043,0.06526,0.03558,0.00849,2.3E-4,0.0,0.22525,0.10729,0.58896,0.07067,0.00783,0.0,0.97449,0.0085,0.0085,0.0085,0.0,0.0,0.97449,0.0085,0.0085,0.0085,0.0,0.01372,0.53297,0.19817,0.16017,0.07994,0.01503,0.01372,0.53297,0.19817,0.16017,0.07994,0.01503,0.99279,9.5E-4,0.0011,0.00341,0.00173,2.0E-5,0.01097,0.56301,0.19073,0.15041,0.07177,0.01311,0.0,0.97449,0.0085,0.0085,0.0085,0.0,0.01097,0.56301,0.19073,0.15041,0.07177,0.01311,0.0,0.0137,0.15073,0.81502,0.0137,0.00685,
0.0,0.97282,0.00906,0.00906,0.00906,0.0,0.0,0.87731,0.07678,0.03583,0.00986,2.2E-4,0.0,0.22457,0.1038,0.57058,0.09379,0.00725,0.0,0.97282,0.00906,0.00906,0.00906,0.0,0.0,0.97282,0.00906,0.00906,0.00906,0.0,0.01459,0.52409,0.20121,0.15987,0.08609,0.01416,0.01459,0.52409,0.20121,0.15987,0.08609,0.01416,0.99289,7.2E-4,8.4E-4,0.00369,0.00184,3.0E-5,0.01166,0.55432,0.19396,0.1501,0.07759,0.01236,0.0,0.97282,0.00906,0.00906,0.00906,0.0,0.01166,0.55432,0.19396,0.1501,0.07759,0.01236,0.0,0.01282,0.14106,0.79482,0.04488,0.00641,
0.0,0.97124,0.00959,0.00959,0.00959,0.0,0.0,0.91941,0.03912,0.02498,0.01583,6.7E-4,0.0,0.2202,0.09098,0.582,0.09739,0.00943,0.0,0.97124,0.00959,0.00959,0.00959,0.0,0.0,0.97124,0.00959,0.00959,0.00959,0.0,0.01608,0.51595,0.19843,0.1654,0.08769,0.01645,0.01608,0.51595,0.19843,0.1654,0.08769,0.01645,0.99292,0.00187,3.0E-4,0.00177,0.00292,2.3E-4,0.01285,0.54562,0.1922,0.15543,0.07947,0.01444,0.0,0.97124,0.00959,0.00959,0.00959,0.0,0.01285,0.54562,0.1922,0.15543,0.07947,0.01444,0.0,0.00654,0.12422,0.81694,0.04576,0.00654,
0.0,0.97484,0.00839,0.00839,0.00839,0.0,0.0,0.91067,0.03662,0.03463,0.01733,7.4E-4,0.0,0.22538,0.08797,0.56343,0.11138,0.01184,0.0,0.97484,0.00839,0.00839,0.00839,0.0,0.0,0.97484,0.00839,0.00839,0.00839,0.0,0.01813,0.50619,0.20763,0.16151,0.09141,0.01513,0.01813,0.50619,0.20763,0.16151,0.09141,0.01513,0.99412,6.6E-4,0.00115,0.00197,0.00206,4.0E-5,0.0145,0.53626,0.20128,0.15162,0.08299,0.01335,0.0,0.97484,0.00839,0.00839,0.00839,0.0,0.0145,0.53626,0.20128,0.15162,0.08299,0.01335,0.0,0.01266,0.12028,0.79109,0.06331,0.01266,
0.0,0.97495,0.00835,0.00835,0.00835,0.0,0.0,0.92762,0.03418,0.02179,0.0158,6.1E-4,0.0,0.22121,0.07877,0.58232,0.10812,0.00959,0.0,0.97495,0.00835,0.00835,0.00835,0.0,0.0,0.97495,0.00835,0.00835,0.00835,0.0,0.01895,0.50662,0.20686,0.16385,0.08748,0.01624,0.01895,0.50662,0.20686,0.16385,0.08748,0.01624,0.99467,0.0012,0.00156,4.4E-4,0.00147,6.6E-4,0.01515,0.5366,0.20038,0.15412,0.07949,0.01426,0.0,0.97495,0.00835,0.00835,0.00835,0.0,0.01515,0.5366,0.20038,0.15412,0.07949,0.01426,0.0,0.00676,0.10814,0.82428,0.05407,0.00676,
0.0,0.97416,0.00861,0.00861,0.00861,0.0,0.0,0.93833,0.02339,0.02204,0.0158,4.4E-4,0.0,0.22122,0.06651,0.59812,0.10607,0.00808,0.0,0.97416,0.00861,0.00861,0.00861,0.0,0.0,0.97416,0.00861,0.00861,0.00861,0.0,0.02128,0.50185,0.21037,0.16633,0.08621,0.01396,0.02128,0.50185,0.21037,0.16633,0.08621,0.01396,0.9958,0.00121,8.4E-4,0.00114,9.7E-4,3.0E-5,0.01703,0.53163,0.20401,0.15657,0.07848,0.01228,0.0,0.97416,0.00861,0.00861,0.00861,0.0,0.01703,0.53163,0.20401,0.15657,0.07848,0.01228,0.0,0.00709,0.09223,0.84393,0.04966,0.00709,
0.0,0.95735,0.01706,0.01706,0.00853,0.0,0.0,0.88112,0.072,0.03083,0.01566,3.9E-4,0.0,0.21783,0.06209,0.62954,0.08272,0.00782,0.0,0.95735,0.01706,0.01706,0.00853,0.0,0.0,0.95735,0.01706,0.01706,0.00853,0.0,0.02217,0.48459,0.22111,0.17657,0.08244,0.01313,0.02217,0.48459,0.22111,0.17657,0.08244,0.01313,0.99586,0.00112,4.2E-4,0.00161,9.9E-4,1.0E-5,0.01774,0.51436,0.2147,0.16686,0.07477,0.01158,0.0,0.95735,0.01706,0.01706,0.00853,0.0,0.01774,0.51436,0.2147,0.16686,0.07477,0.01158,0.0,0.00769,0.08464,0.88458,0.01539,0.00769,
0.0,0.96625,0.00844,0.00844,0.00844,0.00844,0.0,0.88983,0.06296,0.02433,0.01468,0.0082,0.0,0.11369,0.05674,0.64539,0.16373,0.02045,0.0,0.96625,0.00844,0.00844,0.00844,0.00844,0.0,0.96625,0.00844,0.00844,0.00844,0.00844,0.02379,0.48564,0.21369,0.17208,0.08364,0.02116,0.02379,0.48564,0.21369,0.17208,0.08364,0.02116,0.99589,7.0E-4,4.3E-4,0.00115,0.00169,1.5E-4,0.01904,0.51582,0.20698,0.16273,0.07592,0.0195,0.0,0.96625,0.00844,0.00844,0.00844,0.00844,0.01904,0.51582,0.20698,0.16273,0.07592,0.0195,0.0,0.008,0.08003,0.89597,0.008,0.008,
0.0,0.96501,0.00875,0.00875,0.00875,0.00875,0.0,0.86036,0.08914,0.02693,0.01524,0.00834,0.0,0.11456,0.05908,0.66535,0.14399,0.01701,0.0,0.96501,0.00875,0.00875,0.00875,0.00875,0.0,0.96501,0.00875,0.00875,0.00875,0.00875,0.02395,0.4729,0.21845,0.17987,0.08475,0.02007,0.02395,0.4729,0.21845,0.17987,0.08475,0.02007,0.99589,1.2E-4,7.1E-4,0.00165,0.0016,4.0E-5,0.01917,0.50351,0.21153,0.17022,0.07698,0.01858,0.0,0.96501,0.00875,0.00875,0.00875,0.00875,0.01917,0.50351,0.21153,0.17022,0.07698,0.01858,0.0,0.00841,0.05884,0.91594,0.00841,0.00841,
0.0,0.96416,0.00896,0.00896,0.00896,0.00896,0.0,0.85898,0.09279,0.02434,0.01563,0.00826,0.0,0.11349,0.04162,0.66112,0.16241,0.02136,0.0,0.96416,0.00896,0.00896,0.00896,0.00896,0.0,0.96416,0.00896,0.00896,0.00896,0.00896,0.0246,0.46796,0.22278,0.17401,0.08991,0.02073,0.0246,0.46796,0.22278,0.17401,0.08991,0.02073,0.99594,9.0E-5,0.00156,8.0E-4,0.00161,1.0E-5,0.0197,0.4987,0.2161,0.16441,0.08184,0.01925,0.0,0.96416,0.00896,0.00896,0.00896,0.00896,0.0197,0.4987,0.2161,0.16441,0.08184,0.01925,0.0,0.00775,0.04653,0.89919,0.03102,0.01551,
0.0,0.96658,0.00836,0.00836,0.00836,0.00836,0.0,0.85852,0.09457,0.02378,0.01529,0.00784,0.0,0.11365,0.03762,0.7168,0.1189,0.01302,0.0,0.96658,0.00836,0.00836,0.00836,0.00836,0.0,0.96658,0.00836,0.00836,0.00836,0.00836,0.02468,0.45774,0.23434,0.17555,0.08917,0.01852,0.02468,0.45774,0.23434,0.17555,0.08917,0.01852,0.99594,4.0E-5,0.0016,7.0E-4,0.00172,0.0,0.01977,0.4889,0.2273,0.16584,0.08101,0.01717,0.0,0.96658,0.00836,0.00836,0.00836,0.00836,0.01977,0.4889,0.2273,0.16584,0.08101,0.01717,0.0,0.0082,0.041,0.9262,0.0164,0.0082,
0.0,0.9665,0.00838,0.00838,0.00838,0.00838,0.0,0.91263,0.0422,0.02305,0.01389,0.00822,0.0,0.11366,0.068,0.621,0.16766,0.02967,0.0,0.9665,0.00838,0.00838,0.00838,0.00838,0.0,0.9665,0.00838,0.00838,0.00838,0.00838,0.02653,0.45375,0.22637,0.18355,0.08462,0.02518,0.02653,0.45375,0.22637,0.18355,0.08462,0.02518,0.99766,4.2E-4,2.3E-4,7.2E-4,8.5E-4,1.3E-4,0.02129,0.48471,0.22083,0.17332,0.07674,0.02311,0.0,0.9665,0.00838,0.00838,0.00838,0.00838,0.02129,0.48471,0.22083,0.17332,0.07674,0.02311,0.0,0.00781,0.08596,0.89059,0.00781,0.00781,
0.0,0.96445,0.00889,0.00889,0.00889,0.00889,0.0,0.87122,0.04474,0.06015,0.01527,0.00862,0.0,0.12331,0.05508,0.61246,0.17992,0.02923,0.0,0.96445,0.00889,0.00889,0.00889,0.00889,0.0,0.96445,0.00889,0.00889,0.00889,0.00889,0.02726,0.45081,0.22264,0.18612,0.08832,0.02486,0.02726,0.45081,0.22264,0.18612,0.08832,0.02486,0.998,1.8E-4,5.3E-4,6.1E-4,6.2E-4,6.0E-5,0.02189,0.48185,0.21732,0.17582,0.08026,0.02287,0.0,0.96445,0.00889,0.00889,0.00889,0.00889,0.02189,0.48185,0.21732,0.17582,0.08026,0.02287,0.0,0.02207,0.0662,0.88232,0.02207,0.00736,
0.0,0.87992,0.09756,0.0075,0.0075,0.0075,0.0,0.7925,0.12465,0.06042,0.01449,0.00793,0.0,0.11446,0.05229,0.62967,0.17863,0.02495,0.0,0.87992,0.09756,0.0075,0.0075,0.0075,0.0,0.87992,0.09756,0.0075,0.0075,0.0075,0.02807,0.41128,0.26222,0.1884,0.08682,0.0232,0.02807,0.41128,0.26222,0.1884,0.08682,0.0232,0.99816,1.5E-4,6.3E-4,5.4E-4,1.8E-4,3.4E-4,0.02255,0.4396,0.25993,0.1778,0.07888,0.02123,0.0,0.87992,0.09756,0.0075,0.0075,0.0075,0.02255,0.4396,0.25993,0.1778,0.07888,0.02123,0.0,0.02291,0.05345,0.90073,0.01527,0.00764,
0.0,0.89953,0.07729,0.00773,0.00773,0.00773,0.0,0.81047,0.10544,0.06143,0.01475,0.00791,0.0,0.11177,0.04565,0.62702,0.19393,0.02163,0.0,0.89953,0.07729,0.00773,0.00773,0.00773,0.0,0.89953,0.07729,0.00773,0.00773,0.00773,0.02852,0.41014,0.26055,0.18771,0.09145,0.02163,0.02852,0.41014,0.26055,0.18771,0.09145,0.02163,0.99843,6.0E-5,7.1E-4,1.7E-4,5.3E-4,1.0E-4,0.02291,0.43945,0.2574,0.17746,0.08296,0.01983,0.0,0.89953,0.07729,0.00773,0.00773,0.00773,0.02291,0.43945,0.2574,0.17746,0.08296,0.01983,0.0,0.01575,0.04726,0.91336,0.01575,0.00788,
0.0,0.92083,0.05542,0.00792,0.00792,0.00792,0.0,0.85944,0.08324,0.03531,0.01428,0.00773,0.0,0.1087,0.03314,0.70124,0.13971,0.01721,0.0,0.92083,0.05542,0.00792,0.00792,0.00792,0.0,0.92083,0.05542,0.00792,0.00792,0.00792,0.02958,0.41405,0.25387,0.1914,0.08779,0.0233,0.02958,0.41405,0.25387,0.1914,0.08779,0.0233,0.99854,1.2E-4,7.1E-4,2.0E-4,4.0E-5,3.9E-4,0.02377,0.44409,0.24998,0.18102,0.07997,0.02119,0.0,0.92083,0.05542,0.00792,0.00792,0.00792,0.02377,0.44409,0.24998,0.18102,0.07997,0.02119,0.0,0.0082,0.0328,0.9426,0.0082,0.0082,
0.0,0.82394,0.14221,0.02032,0.00677,0.00677,0.0,0.76543,0.16592,0.04772,0.01406,0.00687,0.0,0.09807,0.02627,0.75182,0.11242,0.01142,0.0,0.82394,0.14221,0.02032,0.00677,0.00677,0.0,0.82394,0.14221,0.02032,0.00677,0.00677,0.03139,0.37027,0.29141,0.1969,0.09003,0.02,0.03139,0.37027,0.29141,0.1969,0.09003,0.02,0.99888,1.0E-4,7.9E-4,1.5E-4,1.0E-5,8.0E-5,0.02522,0.39716,0.29012,0.18721,0.0821,0.01817,0.0,0.82394,0.14221,0.02032,0.00677,0.00677,0.02522,0.39716,0.29012,0.18721,0.0821,0.01817,0.0,0.00878,0.00878,0.9649,0.00878,0.00878,
0.0,0.75072,0.18696,0.04986,0.00623,0.00623,0.0,0.69751,0.20742,0.07511,0.01377,0.00619,0.0,0.05547,0.02272,0.79856,0.11489,0.00835,0.0,0.75072,0.18696,0.04986,0.00623,0.00623,0.0,0.75072,0.18696,0.04986,0.00623,0.00623,0.03299,0.34222,0.30049,0.21614,0.09064,0.01752,0.03299,0.34222,0.30049,0.21614,0.09064,0.01752,0.99891,2.0E-4,5.2E-4,3.1E-4,4.0E-5,1.0E-5,0.02652,0.36564,0.30195,0.20724,0.08273,0.01593,0.0,0.75072,0.18696,0.04986,0.00623,0.00623,0.02652,0.36564,0.30195,0.20724,0.08273,0.01593,0.0,0.00918,0.00918,0.96329,0.00918,0.00918,
0.0,0.77043,0.17855,0.03826,0.00638,0.00638,0.0,0.71756,0.19836,0.06467,0.01275,0.00665,0.0,0.05776,0.02889,0.64785,0.24003,0.02547,0.0,0.77043,0.17855,0.03826,0.00638,0.00638,0.0,0.77043,0.17855,0.03826,0.00638,0.00638,0.03442,0.34747,0.29365,0.20382,0.09781,0.02283,0.03442,0.34747,0.29365,0.20382,0.09781,0.02283,0.999,1.3E-4,4.6E-4,4.0E-5,3.5E-4,3.0E-5,0.02768,0.37165,0.29506,0.19541,0.08936,0.02084,0.0,0.77043,0.17855,0.03826,0.00638,0.00638,0.02768,0.37165,0.29506,0.19541,0.08936,0.02084,0.0,0.00953,0.00953,0.96189,0.00953,0.00953,
0.0,0.78232,0.1715,0.03298,0.0066,0.0066,0.0,0.73186,0.18907,0.05919,0.01313,0.00674,0.0,0.05038,0.02115,0.65452,0.24944,0.02451,0.0,0.78232,0.1715,0.03298,0.0066,0.0066,0.0,0.78232,0.1715,0.03298,0.0066,0.0066,0.03598,0.34965,0.28987,0.20262,0.10028,0.0216,0.03598,0.34965,0.28987,0.20262,0.10028,0.0216,0.99909,1.0E-4,6.0E-4,3.0E-5,1.6E-4,1.0E-5,0.02894,0.37432,0.29109,0.1941,0.09172,0.01984,0.0,0.78232,0.1715,0.03298,0.0066,0.0066,0.02894,0.37432,0.29109,0.1941,0.09172,0.01984,0.0,0.01,0.01,0.95998,0.01,0.01,
0.0,0.82686,0.14544,0.01385,0.00693,0.00693,0.0,0.75034,0.18224,0.04656,0.01316,0.0077,0.0,0.02624,0.02719,0.6431,0.26928,0.03418,0.0,0.82686,0.14544,0.01385,0.00693,0.00693,0.0,0.82686,0.14544,0.01385,0.00693,0.00693,0.0377,0.35218,0.26582,0.2148,0.10285,0.02666,0.0377,0.35218,0.26582,0.2148,0.10285,0.02666,0.9992,2.0E-5,6.0E-4,8.0E-5,9.0E-5,1.0E-5,0.03037,0.37881,0.26611,0.20595,0.09412,0.02463,0.0,0.82686,0.14544,0.01385,0.00693,0.00693,0.03037,0.37881,0.26611,0.20595,0.09412,0.02463,0.0,0.00962,0.02886,0.94229,0.00962,0.00962,
0.0,0.83,0.14875,0.00708,0.00708,0.00708,0.0,0.74759,0.1896,0.04154,0.01352,0.00774,0.0,0.02636,0.02138,0.69682,0.22868,0.02675,0.0,0.83,0.14875,0.00708,0.00708,0.00708,0.0,0.83,0.14875,0.00708,0.00708,0.00708,0.03935,0.34582,0.26781,0.21857,0.10277,0.02569,0.03935,0.34582,0.26781,0.21857,0.10277,0.02569,0.99922,2.0E-5,5.9E-4,1.1E-4,3.0E-5,2.0E-5,0.03175,0.37276,0.26806,0.20938,0.09432,0.02374,0.0,0.83,0.14875,0.00708,0.00708,0.00708,0.03175,0.37276,0.26806,0.20938,0.09432,0.02374,0.0,0.00926,0.01853,0.95369,0.00926,0.00926,
0.0,0.85563,0.12272,0.00722,0.00722,0.00722,0.0,0.77005,0.16718,0.0414,0.01355,0.00781,0.0,0.02713,0.01382,0.69542,0.23764,0.02599,0.0,0.85563,0.12272,0.00722,0.00722,0.00722,0.0,0.85563,0.12272,0.00722,0.00722,0.00722,0.04017,0.34949,0.26028,0.21602,0.10716,0.02687,0.04017,0.34949,0.26028,0.21602,0.10716,0.02687,0.9994,1.0E-5,1.7E-4,6.0E-5,3.0E-4,6.0E-5,0.03244,0.37742,0.25994,0.20732,0.09818,0.02469,0.0,0.85563,0.12272,0.00722,0.00722,0.00722,0.03244,0.37742,0.25994,0.20732,0.09818,0.02469,0.0,0.00971,0.00971,0.96115,0.00971,0.00971,
0.0,0.88381,0.09295,0.00775,0.00775,0.00775,0.0,0.79801,0.13782,0.04201,0.01402,0.00814,0.0,0.02774,0.01297,0.70975,0.22586,0.02368,0.0,0.88381,0.09295,0.00775,0.00775,0.00775,0.0,0.88381,0.09295,0.00775,0.00775,0.00775,0.0404,0.34995,0.25564,0.21948,0.10746,0.02706,0.0404,0.34995,0.25564,0.21948,0.10746,0.02706,0.99944,3.0E-5,1.2E-4,1.9E-4,1.8E-4,3.0E-5,0.03262,0.37889,0.25444,0.21056,0.09859,0.02489,0.0,0.88381,0.09295,0.00775,0.00775,0.00775,0.03262,0.37889,0.25444,0.21056,0.09859,0.02489,0.0,0.01021,0.01021,0.95917,0.01021,0.01021,
0.0,0.88773,0.08982,0.00748,0.00748,0.00748,0.0,0.8005,0.13741,0.03942,0.01492,0.00775,0.0,0.02727,0.0437,0.67928,0.23425,0.01549,0.0,0.88773,0.08982,0.00748,0.00748,0.00748,0.0,0.88773,0.08982,0.00748,0.00748,0.00748,0.04301,0.34402,0.2564,0.21833,0.11381,0.02443,0.04301,0.34402,0.2564,0.21833,0.11381,0.02443,0.99955,1.0E-5,4.0E-5,2.7E-4,6.0E-5,6.0E-5,0.03479,0.37322,0.25552,0.20918,0.10488,0.02241,0.0,0.88773,0.08982,0.00748,0.00748,0.00748,0.03479,0.37322,0.25552,0.20918,0.10488,0.02241,0.0,0.00885,0.05312,0.89377,0.03541,0.00885,
0.0,0.8867,0.09064,0.00755,0.00755,0.00755,0.0,0.82019,0.12116,0.03599,0.01515,0.0075,0.0,0.02699,0.03057,0.73703,0.1959,0.00951,0.0,0.8867,0.09064,0.00755,0.00755,0.00755,0.0,0.8867,0.09064,0.00755,0.00755,0.00755,0.04513,0.34383,0.25759,0.21136,0.12054,0.02157,0.04513,0.34383,0.25759,0.21136,0.12054,0.02157,0.9996,1.0E-5,1.8E-4,5.0E-5,1.4E-4,1.0E-5,0.03653,0.37283,0.25688,0.2028,0.11109,0.01987,0.0,0.8867,0.09064,0.00755,0.00755,0.00755,0.03653,0.37283,0.25688,0.2028,0.11109,0.01987,0.0,0.00878,0.0351,0.91225,0.0351,0.00878,
0.0,0.90132,0.0759,0.00759,0.00759,0.00759,0.0,0.80514,0.12956,0.04276,0.0149,0.00764,0.0,0.02819,0.01183,0.7248,0.22623,0.00893,0.0,0.90132,0.0759,0.00759,0.00759,0.00759,0.0,0.90132,0.0759,0.00759,0.00759,0.00759,0.0454,0.3434,0.23922,0.22502,0.12116,0.02581,0.0454,0.3434,0.23922,0.22502,0.12116,0.02581,0.99964,1.0E-5,1.8E-4,2.0E-5,9.0E-5,5.0E-5,0.03675,0.37314,0.23812,0.21725,0.11129,0.02345,0.0,0.90132,0.0759,0.00759,0.00759,0.00759,0.03675,0.37314,0.23812,0.21725,0.11129,0.02345,0.0,0.00953,0.00953,0.96189,0.00953,0.00953,
0.0,0.901,0.07615,0.00762,0.00762,0.00762,0.0,0.80492,0.13004,0.0423,0.01505,0.00769,0.0,0.02831,0.01186,0.74024,0.21054,0.00906,0.0,0.901,0.07615,0.00762,0.00762,0.00762,0.0,0.901,0.07615,0.00762,0.00762,0.00762,0.04633,0.34085,0.24173,0.22417,0.12197,0.02494,0.04633,0.34085,0.24173,0.22417,0.12197,0.02494,0.99968,0.0,1.7E-4,5.0E-5,9.0E-5,0.0,0.03748,0.37063,0.2407,0.2163,0.11206,0.02283,0.0,0.901,0.07615,0.00762,0.00762,0.00762,0.03748,0.37063,0.2407,0.2163,0.11206,0.02283,0.0,0.01,0.01,0.95998,0.01,0.01,
0.0,0.91451,0.06217,0.00777,0.00777,0.00777,0.0,0.81703,0.11663,0.04376,0.01477,0.00781,0.0,0.02862,0.0172,0.69089,0.25232,0.01098,0.0,0.91451,0.06217,0.00777,0.00777,0.00777,0.0,0.91451,0.06217,0.00777,0.00777,0.00777,0.04854,0.34169,0.23529,0.22163,0.12725,0.02559,0.04854,0.34169,0.23529,0.22163,0.12725,0.02559,0.99977,0.0,1.0E-4,6.0E-5,6.0E-5,0.0,0.03931,0.37197,0.23385,0.21479,0.11663,0.02345,0.0,0.91451,0.06217,0.00777,0.00777,0.00777,0.03931,0.37197,0.23385,0.21479,0.11663,0.02345,0.0,0.00981,0.00981,0.95096,0.01962,0.00981,
0.0,0.91394,0.06259,0.00782,0.00782,0.00782,0.0,0.81791,0.1167,0.04322,0.01432,0.00785,0.0,0.02863,0.01646,0.71654,0.22379,0.01458,0.0,0.91394,0.06259,0.00782,0.00782,0.00782,0.0,0.91394,0.06259,0.00782,0.00782,0.00782,0.04966,0.34048,0.23603,0.22209,0.12428,0.02745,0.04966,0.34048,0.23603,0.22209,0.12428,0.02745,0.99979,0.0,9.0E-5,6.0E-5,5.0E-5,0.0,0.04023,0.37077,0.23482,0.21507,0.11392,0.02518,0.0,0.91394,0.06259,0.00782,0.00782,0.00782,0.04023,0.37077,0.23482,0.21507,0.11392,0.02518,0.0,0.01011,0.01011,0.95958,0.01011,0.01011,
0.0,0.8735,0.10418,0.00744,0.00744,0.00744,0.0,0.76728,0.16893,0.04022,0.01595,0.00761,0.0,0.02669,0.05746,0.66846,0.23763,0.00976,0.0,0.8735,0.10418,0.00744,0.00744,0.00744,0.0,0.8735,0.10418,0.00744,0.00744,0.00744,0.05126,0.31961,0.25351,0.21572,0.1334,0.0265,0.05126,0.31961,0.25351,0.21572,0.1334,0.0265,0.99981,0.0,4.0E-5,8.0E-5,5.0E-5,1.0E-5,0.04154,0.34857,0.25459,0.20817,0.1229,0.02422,0.0,0.8735,0.10418,0.00744,0.00744,0.00744,0.04154,0.34857,0.25459,0.20817,0.1229,0.02422,0.0,0.00841,0.06725,0.87391,0.04203,0.00841,
0.0,0.87529,0.09537,0.01467,0.00734,0.00734,0.0,0.76891,0.16344,0.04561,0.01443,0.00761,0.0,0.02698,0.04668,0.69475,0.21994,0.01164,0.0,0.87529,0.09537,0.01467,0.00734,0.00734,0.0,0.87529,0.09537,0.01467,0.00734,0.00734,0.05172,0.31806,0.25642,0.2142,0.13251,0.02708,0.05172,0.31806,0.25642,0.2142,0.13251,0.02708,0.99982,0.0,7.0E-5,4.0E-5,7.0E-5,0.0,0.04191,0.34712,0.25719,0.2075,0.12147,0.02481,0.0,0.87529,0.09537,0.01467,0.00734,0.00734,0.04191,0.34712,0.25719,0.2075,0.12147,0.02481,0.0,0.00893,0.05359,0.91068,0.01786,0.00893,
0.0,0.88608,0.07595,0.02278,0.00759,0.00759,0.0,0.77822,0.14218,0.05672,0.01456,0.00832,0.0,0.02776,0.03167,0.74761,0.18411,0.00885,0.0,0.88608,0.07595,0.02278,0.00759,0.00759,0.0,0.88608,0.07595,0.02278,0.00759,0.00759,0.05304,0.31706,0.24088,0.22985,0.13089,0.02828,0.05304,0.31706,0.24088,0.22985,0.13089,0.02828,0.99984,0.0,9.0E-5,2.0E-5,3.0E-5,3.0E-5,0.043,0.34652,0.24078,0.22351,0.12024,0.02596,0.0,0.88608,0.07595,0.02278,0.00759,0.00759,0.043,0.34652,0.24078,0.22351,0.12024,0.02596,0.0,0.00981,0.00981,0.96077,0.00981,0.00981,
0.0,0.91432,0.06231,0.00779,0.00779,0.00779,0.0,0.80486,0.13136,0.04145,0.01467,0.00766,0.0,0.02829,0.03029,0.7854,0.14724,0.00878,0.0,0.91432,0.06231,0.00779,0.00779,0.00779,0.0,0.91432,0.06231,0.00779,0.00779,0.00779,0.0532,0.32382,0.24458,0.22099,0.1301,0.02732,0.0532,0.32382,0.24458,0.22099,0.1301,0.02732,0.99984,0.0,8.0E-5,3.0E-5,0.0,4.0E-5,0.04312,0.35426,0.24408,0.21387,0.11978,0.02489,0.0,0.91432,0.06231,0.00779,0.00779,0.00779,0.04312,0.35426,0.24408,0.21387,0.11978,0.02489,0.0,0.01064,0.01064,0.95743,0.01064,0.01064,
0.0,0.91056,0.05962,0.01491,0.00745,0.00745,0.0,0.79902,0.13384,0.04481,0.01477,0.00755,0.0,0.02706,0.06081,0.83572,0.06878,0.00763,0.0,0.91056,0.05962,0.01491,0.00745,0.00745,0.0,0.91056,0.05962,0.01491,0.00745,0.00745,0.05355,0.31664,0.24937,0.22057,0.13051,0.02937,0.05355,0.31664,0.24937,0.22057,0.13051,0.02937,0.99987,0.0,1.0E-5,4.0E-5,5.0E-5,2.0E-5,0.0434,0.34697,0.24904,0.21351,0.12044,0.02664,0.0,0.91056,0.05962,0.01491,0.00745,0.00745,0.0434,0.34697,0.24904,0.21351,0.12044,0.02664,0.0,0.00827,0.0496,0.92559,0.00827,0.00827,
0.0,0.95168,0.02416,0.00805,0.00805,0.00805,0.0,0.83583,0.10382,0.03728,0.01505,0.00803,0.0,0.02872,0.0213,0.82711,0.11445,0.00841,0.0,0.95168,0.02416,0.00805,0.00805,0.00805,0.0,0.95168,0.02416,0.00805,0.00805,0.00805,0.05671,0.32368,0.24664,0.20967,0.13479,0.0285,0.05671,0.32368,0.24664,0.20967,0.13479,0.0285,0.99994,0.0,1.0E-5,2.0E-5,3.0E-5,0.0,0.04599,0.35542,0.24479,0.20354,0.1242,0.02606,0.0,0.95168,0.02416,0.00805,0.00805,0.00805,0.04599,0.35542,0.24479,0.20354,0.1242,0.02606,0.0,0.00901,0.00901,0.96395,0.00901,0.00901,
0.0,0.9228,0.05404,0.00772,0.00772,0.00772,0.0,0.81042,0.13061,0.03612,0.01501,0.00785,0.0,0.02811,0.02204,0.84646,0.09498,0.00841,0.0,0.9228,0.05404,0.00772,0.00772,0.00772,0.0,0.9228,0.05404,0.00772,0.00772,0.00772,0.05707,0.31173,0.26086,0.20552,0.13326,0.03155,0.05707,0.31173,0.26086,0.20552,0.13326,0.03155,0.99994,0.0,1.0E-5,2.0E-5,2.0E-5,2.0E-5,0.04627,0.34253,0.25998,0.19947,0.12318,0.02858,0.0,0.9228,0.05404,0.00772,0.00772,0.00772,0.04627,0.34253,0.25998,0.19947,0.12318,0.02858,0.0,0.00935,0.00935,0.9626,0.00935,0.00935,
0.0,0.95871,0.01651,0.00826,0.00826,0.00826,0.0,0.84197,0.09772,0.03684,0.01512,0.00835,0.0,0.02947,0.02179,0.77413,0.16434,0.01027,0.0,0.95871,0.01651,0.00826,0.00826,0.00826,0.0,0.95871,0.01651,0.00826,0.00826,0.00826,0.05707,0.31643,0.25559,0.20074,0.13697,0.03319,0.05707,0.31643,0.25559,0.20074,0.13697,0.03319,0.99994,0.0,1.0E-5,2.0E-5,2.0E-5,1.0E-5,0.04627,0.34845,0.25343,0.19568,0.12605,0.03012,0.0,0.95871,0.01651,0.00826,0.00826,0.00826,0.04627,0.34845,0.25343,0.19568,0.12605,0.03012,0.0,0.00962,0.00962,0.96152,0.00962,0.00962,
0.0,0.90285,0.07473,0.00747,0.00747,0.00747,0.0,0.79318,0.14836,0.03599,0.01474,0.00773,0.0,0.02882,0.02358,0.78481,0.15323,0.00955,0.0,0.90285,0.07473,0.00747,0.00747,0.00747,0.0,0.90285,0.07473,0.00747,0.00747,0.00747,0.05917,0.29637,0.27669,0.19797,0.13772,0.03208,0.05917,0.29637,0.27669,0.19797,0.13772,0.03208,0.99995,0.0,1.0E-5,3.0E-5,1.0E-5,0.0,0.04798,0.32648,0.27649,0.19299,0.12693,0.02913,0.0,0.90285,0.07473,0.00747,0.00747,0.00747,0.04798,0.32648,0.27649,0.19299,0.12693,0.02913,0.0,0.01053,0.01053,0.95788,0.01053,0.01053,
0.0,0.87013,0.09379,0.02164,0.00721,0.00721,0.0,0.75798,0.15364,0.06628,0.01443,0.00767,0.0,0.02422,0.02529,0.73518,0.19457,0.02074,0.0,0.87013,0.09379,0.02164,0.00721,0.00721,0.0,0.87013,0.09379,0.02164,0.00721,0.00721,0.06,0.28632,0.23034,0.24746,0.13766,0.03822,0.06,0.28632,0.23034,0.24746,0.13766,0.03822,0.99995,0.0,1.0E-5,0.0,3.0E-5,0.0,0.04864,0.3149,0.23183,0.24336,0.12651,0.03477,0.0,0.87013,0.09379,0.02164,0.00721,0.00721,0.04864,0.3149,0.23183,0.24336,0.12651,0.03477,0.0,0.01124,0.01124,0.95504,0.01124,0.01124,
0.0,0.91498,0.06183,0.00773,0.00773,0.00773,0.0,0.79637,0.12869,0.05228,0.01451,0.00814,0.0,0.01743,0.02377,0.75659,0.18349,0.01871,0.0,0.91498,0.06183,0.00773,0.00773,0.00773,0.0,0.91498,0.06183,0.00773,0.00773,0.00773,0.06085,0.28828,0.23365,0.24074,0.13978,0.0367,0.06085,0.28828,0.23365,0.24074,0.13978,0.0367,0.99995,0.0,0.0,1.0E-5,3.0E-5,0.0,0.04931,0.31838,0.23429,0.23607,0.12841,0.03354,0.0,0.91498,0.06183,0.00773,0.00773,0.00773,0.04931,0.31838,0.23429,0.23607,0.12841,0.03354,0.0,0.01177,0.01177,0.95292,0.01177,0.01177,
0.0,0.94277,0.0327,0.00818,0.00818,0.00818,0.0,0.82216,0.1048,0.05005,0.01455,0.00844,0.0,0.01642,0.04333,0.76414,0.15618,0.01993,0.0,0.94277,0.0327,0.00818,0.00818,0.00818,0.0,0.94277,0.0327,0.00818,0.00818,0.00818,0.06257,0.29277,0.22426,0.24095,0.14017,0.03927,0.06257,0.29277,0.22426,0.24095,0.14017,0.03927,0.99996,0.0,1.0E-5,2.0E-5,1.0E-5,0.0,0.05072,0.32379,0.22393,0.23641,0.12914,0.036,0.0,0.94277,0.0327,0.00818,0.00818,0.00818,0.05072,0.32379,0.22393,0.23641,0.12914,0.036,0.0,0.00962,0.03848,0.93267,0.00962,0.00962,
0.0,0.96652,0.00837,0.00837,0.00837,0.00837,0.0,0.83082,0.09384,0.05139,0.01567,0.00828,0.0,0.01737,0.04197,0.76345,0.163,0.0142,0.0,0.96652,0.00837,0.00837,0.00837,0.00837,0.0,0.96652,0.00837,0.00837,0.00837,0.00837,0.06647,0.2966,0.22081,0.23821,0.14289,0.03501,0.06647,0.2966,0.22081,0.23821,0.14289,0.03501,0.99996,0.0,1.0E-5,2.0E-5,0.0,1.0E-5,0.05397,0.32817,0.21963,0.23405,0.13216,0.03202,0.0,0.96652,0.00837,0.00837,0.00837,0.00837,0.05397,0.32817,0.21963,0.23405,0.13216,0.03202,0.0,0.01021,0.03062,0.93875,0.01021,0.01021,
0.0,0.95115,0.02443,0.00814,0.00814,0.00814,0.0,0.81637,0.10813,0.05216,0.01527,0.00806,0.0,0.01703,0.04225,0.79416,0.13761,0.00894,0.0,0.95115,0.02443,0.00814,0.00814,0.00814,0.0,0.95115,0.02443,0.00814,0.00814,0.00814,0.07067,0.2881,0.22708,0.2378,0.14641,0.02994,0.07067,0.2881,0.22708,0.2378,0.14641,0.02994,0.99997,0.0,1.0E-5,1.0E-5,1.0E-5,0.0,0.05745,0.31918,0.22658,0.23384,0.13551,0.02745,0.0,0.95115,0.02443,0.00814,0.00814,0.00814,0.05745,0.31918,0.22658,0.23384,0.13551,0.02745,0.0,0.00971,0.02914,0.94172,0.00971,0.00971,
0.0,0.9366,0.03963,0.00793,0.00793,0.00793,0.0,0.87928,0.05867,0.03944,0.01491,0.00771,0.0,0.01661,0.03488,0.80187,0.13752,0.00912,0.0,0.9366,0.03963,0.00793,0.00793,0.00793,0.0,0.9366,0.03963,0.00793,0.00793,0.00793,0.07154,0.28138,0.23279,0.23887,0.14199,0.03344,0.07154,0.28138,0.23279,0.23887,0.14199,0.03344,0.99997,0.0,1.0E-5,1.0E-5,1.0E-5,0.0,0.05815,0.31126,0.23333,0.23506,0.13157,0.03062,0.0,0.9366,0.03963,0.00793,0.00793,0.00793,0.05815,0.31126,0.23333,0.23506,0.13157,0.03062,0.0,0.01021,0.02042,0.94896,0.01021,0.01021,
0.0,0.95182,0.02409,0.00803,0.00803,0.00803,0.0,0.89297,0.04656,0.03688,0.01581,0.00777,0.0,0.01608,0.07384,0.73308,0.16071,0.01629,0.0,0.95182,0.02409,0.00803,0.00803,0.00803,0.0,0.95182,0.02409,0.00803,0.00803,0.00803,0.07355,0.28572,0.22582,0.22615,0.1516,0.03715,0.07355,0.28572,0.22582,0.22615,0.1516,0.03715,0.99998,0.0,0.0,0.0,0.0,1.0E-5,0.05991,0.3161,0.22666,0.22269,0.14078,0.03385,0.0,0.95182,0.02409,0.00803,0.00803,0.00803,0.05991,0.3161,0.22666,0.22269,0.14078,0.03385,0.0,0.0087,0.06959,0.87822,0.03479,0.0087,
0.0,0.96555,0.00861,0.00861,0.00861,0.00861,0.0,0.90616,0.03266,0.03716,0.01585,0.00817,0.0,0.016,0.0732,0.76638,0.12731,0.01712,0.0,0.96555,0.00861,0.00861,0.00861,0.00861,0.0,0.96555,0.00861,0.00861,0.00861,0.00861,0.07524,0.28779,0.22445,0.22257,0.15145,0.0385,0.07524,0.28779,0.22445,0.22257,0.15145,0.0385,0.99999,0.0,0.0,0.0,0.0,0.0,0.06131,0.31861,0.22493,0.21932,0.14067,0.03518,0.0,0.96555,0.00861,0.00861,0.00861,0.00861,0.06131,0.31861,0.22493,0.21932,0.14067,0.03518,0.0,0.00878,0.0702,0.88592,0.02633,0.00878,
0.0,0.88938,0.08849,0.00737,0.00737,0.00737,0.0,0.83288,0.10619,0.03892,0.01445,0.00756,0.0,0.01607,0.05293,0.75789,0.15376,0.01935,0.0,0.88938,0.08849,0.00737,0.00737,0.00737,0.0,0.88938,0.08849,0.00737,0.00737,0.00737,0.07861,0.26481,0.23238,0.23856,0.14729,0.03834,0.07861,0.26481,0.23238,0.23856,0.14729,0.03834,0.99999,0.0,0.0,0.0,0.0,0.0,0.0641,0.29299,0.23572,0.2356,0.13652,0.03509,0.0,0.88938,0.08849,0.00737,0.00737,0.00737,0.0641,0.29299,0.23572,0.2356,0.13652,0.03509,0.0,0.00953,0.04764,0.92378,0.00953,0.00953,
0.0,0.91418,0.06242,0.0078,0.0078,0.0078,0.0,0.84999,0.08768,0.03879,0.01577,0.00777,0.0,0.0159,0.06651,0.78073,0.12063,0.01624,0.0,0.91418,0.06242,0.0078,0.0078,0.0078,0.0,0.91418,0.06242,0.0078,0.0078,0.0078,0.08027,0.26796,0.22816,0.23415,0.15117,0.03829,0.08027,0.26796,0.22816,0.23415,0.15117,0.03829,0.99999,0.0,0.0,0.0,0.0,0.0,0.06547,0.29691,0.23102,0.23077,0.141,0.03483,0.0,0.91418,0.06242,0.0078,0.0078,0.0078,0.06547,0.29691,0.23102,0.23077,0.141,0.03483,0.0,0.00901,0.06309,0.88284,0.03605,0.00901,
0.0,0.92083,0.05542,0.00792,0.00792,0.00792,0.0,0.85738,0.0798,0.03939,0.01566,0.00778,0.0,0.01594,0.05272,0.84541,0.06953,0.01641,0.0,0.92083,0.05542,0.00792,0.00792,0.00792,0.0,0.92083,0.05542,0.00792,0.00792,0.00792,0.08079,0.26833,0.22579,0.23486,0.15235,0.03789,0.08079,0.26833,0.22579,0.23486,0.15235,0.03789,0.99999,0.0,0.0,0.0,0.0,0.0,0.06589,0.29748,0.22826,0.23179,0.14197,0.03461,0.0,0.92083,0.05542,0.00792,0.00792,0.00792,0.06589,0.29748,0.22826,0.23179,0.14197,0.03461,0.0,0.00962,0.0481,0.90381,0.02886,0.00962,
0.0,0.91582,0.06122,0.00765,0.00765,0.00765,0.0,0.86637,0.07421,0.03502,0.01671,0.00769,0.0,0.01539,0.06445,0.79826,0.10587,0.01602,0.0,0.91582,0.06122,0.00765,0.00765,0.00765,0.0,0.91582,0.06122,0.00765,0.00765,0.00765,0.08476,0.26029,0.23123,0.22722,0.16036,0.03614,0.08476,0.26029,0.23123,0.22722,0.16036,0.03614,0.99999,0.0,0.0,0.0,0.0,0.0,0.06916,0.28907,0.23453,0.2241,0.15,0.03315,0.0,0.91582,0.06122,0.00765,0.00765,0.00765,0.06916,0.28907,0.23453,0.2241,0.15,0.03315,0.0,0.00827,0.05787,0.85946,0.06614,0.00827,
0.0,0.93539,0.04038,0.00808,0.00808,0.00808,0.0,0.88536,0.05598,0.03301,0.01764,0.008,0.0,0.01473,0.11159,0.73304,0.12544,0.0152,0.0,0.93539,0.04038,0.00808,0.00808,0.00808,0.0,0.93539,0.04038,0.00808,0.00808,0.00808,0.0855,0.25979,0.23276,0.22111,0.16544,0.03541,0.0855,0.25979,0.23276,0.22111,0.16544,0.03541,0.99999,0.0,0.0,0.0,0.0,0.0,0.06976,0.28914,0.23558,0.21783,0.15512,0.03257,0.0,0.93539,0.04038,0.00808,0.00808,0.00808,0.06976,0.28914,0.23558,0.21783,0.15512,0.03257,0.0,0.00725,0.10873,0.78979,0.08698,0.00725,
0.0,0.95212,0.02394,0.00798,0.00798,0.00798,0.0,0.90106,0.04117,0.03262,0.01721,0.00793,0.0,0.01505,0.11195,0.74379,0.11382,0.01538,0.0,0.95212,0.02394,0.00798,0.00798,0.00798,0.0,0.95212,0.02394,0.00798,0.00798,0.00798,0.08623,0.26037,0.23469,0.22118,0.16282,0.0347,0.08623,0.26037,0.23469,0.22118,0.16282,0.0347,0.99999,0.0,0.0,0.0,0.0,0.0,0.07036,0.29021,0.23747,0.21736,0.15259,0.03201,0.0,0.95212,0.02394,0.00798,0.00798,0.00798,0.07036,0.29021,0.23747,0.21736,0.15259,0.03201,0.0,0.00758,0.11367,0.79539,0.07578,0.00758,
0.0,0.93583,0.0401,0.00802,0.00802,0.00802,0.0,0.89043,0.05195,0.03185,0.01737,0.0084,0.0,0.01451,0.11222,0.71391,0.14066,0.0187,0.0,0.93583,0.0401,0.00802,0.00802,0.00802,0.0,0.93583,0.0401,0.00802,0.00802,0.00802,0.08818,0.25562,0.23332,0.21772,0.16124,0.04392,0.08818,0.25562,0.23332,0.21772,0.16124,0.04392,0.99999,0.0,0.0,0.0,0.0,0.0,0.07209,0.28476,0.23647,0.21454,0.15155,0.0406,0.0,0.93583,0.0401,0.00802,0.00802,0.00802,0.07209,0.28476,0.23647,0.21454,0.15155,0.0406,0.0,0.00704,0.11271,0.77458,0.09862,0.00704,
0.0,0.96592,0.00852,0.00852,0.00852,0.00852,0.0,0.92025,0.0225,0.0314,0.01754,0.00831,0.0,0.01481,0.11051,0.72043,0.13702,0.01723,0.0,0.96592,0.00852,0.00852,0.00852,0.00852,0.0,0.96592,0.00852,0.00852,0.00852,0.00852,0.09047,0.26013,0.23062,0.21462,0.15959,0.04458,0.09047,0.26013,0.23062,0.21462,0.15959,0.04458,1.0,0.0,0.0,0.0,0.0,0.0,0.07397,0.29017,0.23356,0.21088,0.15046,0.04096,0.0,0.96592,0.00852,0.00852,0.00852,0.00852,0.07397,0.29017,0.23356,0.21088,0.15046,0.04096,0.0,0.00725,0.11598,0.7753,0.09423,0.00725,
0.0,0.96388,0.00903,0.00903,0.00903,0.00903,0.0,0.86544,0.06401,0.04316,0.01881,0.00859,0.0,0.01541,0.10919,0.72678,0.13365,0.01496,0.0,0.96388,0.00903,0.00903,0.00903,0.00903,0.0,0.96388,0.00903,0.00903,0.00903,0.00903,0.09721,0.25442,0.22963,0.21972,0.16051,0.03851,0.09721,0.25442,0.22963,0.21972,0.16051,0.03851,1.0,0.0,0.0,0.0,0.0,0.0,0.0796,0.28438,0.23268,0.21627,0.15171,0.03536,0.0,0.96388,0.00903,0.00903,0.00903,0.00903,0.0796,0.28438,0.23268,0.21627,0.15171,0.03536,0.0,0.0072,0.10795,0.79131,0.08636,0.0072,
0.0,0.95861,0.01655,0.00828,0.00828,0.00828,0.0,0.88067,0.05283,0.04093,0.01757,0.008,0.0,0.01526,0.11042,0.72176,0.13729,0.01528,0.0,0.95861,0.01655,0.00828,0.00828,0.00828,0.0,0.95861,0.01655,0.00828,0.00828,0.00828,0.09774,0.25126,0.23492,0.21752,0.16034,0.03822,0.09774,0.25126,0.23492,0.21752,0.16034,0.03822,1.0,0.0,0.0,0.0,0.0,0.0,0.08003,0.28067,0.23878,0.21421,0.15119,0.03512,0.0,0.95861,0.01655,0.00828,0.00828,0.00828,0.08003,0.28067,0.23878,0.21421,0.15119,0.03512,0.0,0.0,0.0,1.0,0.0,0.0,
0.0,0.95704,0.00859,0.01718,0.00859,0.00859,0.0,0.83208,0.08946,0.05135,0.01871,0.00841,0.0,0.02742,0.10076,0.77155,0.08515,0.01512,0.0,0.95704,0.00859,0.01718,0.00859,0.00859,0.0,0.95704,0.00859,0.01718,0.00859,0.00859,0.09826,0.24938,0.23112,0.22314,0.16019,0.03792,0.09826,0.24938,0.23112,0.22314,0.16019,0.03792,1.0,0.0,0.0,0.0,0.0,0.0,0.08046,0.27884,0.23467,0.21954,0.15159,0.0349,0.0,0.95704,0.00859,0.01718,0.00859,0.00859,0.08046,0.27884,0.23467,0.21954,0.15159,0.0349,0.0,0.0,0.0,1.0,0.0,0.0,
0.0,0.95852,0.01659,0.0083,0.0083,0.0083,0.0,0.84271,0.08605,0.0434,0.01935,0.00848,0.0,0.0173,0.08095,0.78007,0.10002,0.02166,0.0,0.95852,0.01659,0.0083,0.0083,0.0083,0.0,0.95852,0.01659,0.0083,0.0083,0.0083,0.09987,0.24586,0.22896,0.22064,0.16667,0.038,0.09987,0.24586,0.22896,0.22064,0.16667,0.038,1.0,0.0,0.0,0.0,0.0,0.0,0.08176,0.27513,0.23286,0.21708,0.15795,0.03523,0.0,0.95852,0.01659,0.0083,0.0083,0.0083,0.08176,0.27513,0.23286,0.21708,0.15795,0.03523,0.0,0.007,0.07695,0.81113,0.09094,0.01399,
0.0,0.9647,0.00882,0.00882,0.00882,0.00882,0.0,0.8746,0.07061,0.02809,0.0184,0.00831,0.0,0.01673,0.09244,0.73959,0.13681,0.01443,0.0,0.9647,0.00882,0.00882,0.00882,0.00882,0.0,0.9647,0.00882,0.00882,0.00882,0.00882,0.1029,0.24734,0.2287,0.2098,0.17621,0.03506,0.1029,0.24734,0.2287,0.2098,0.17621,0.03506,1.0,0.0,0.0,0.0,0.0,0.0,0.08438,0.27648,0.23296,0.20626,0.16734,0.03258,0.0,0.9647,0.00882,0.00882,0.00882,0.00882,0.08438,0.27648,0.23296,0.20626,0.16734,0.03258,0.0,0.00645,0.09035,0.76768,0.12907,0.00645,
0.0,0.96305,0.00924,0.00924,0.00924,0.00924,0.0,0.82125,0.11851,0.03269,0.01875,0.0088,0.0,0.0171,0.06978,0.76746,0.13161,0.01405,0.0,0.96305,0.00924,0.00924,0.00924,0.00924,0.0,0.96305,0.00924,0.00924,0.00924,0.00924,0.10314,0.24078,0.22753,0.21816,0.16114,0.04924,0.10314,0.24078,0.22753,0.21816,0.16114,0.04924,1.0,0.0,0.0,0.0,0.0,0.0,0.08458,0.26991,0.23172,0.21473,0.1544,0.04466,0.0,0.96305,0.00924,0.00924,0.00924,0.00924,0.08458,0.26991,0.23172,0.21473,0.1544,0.04466,0.0,0.00695,0.06946,0.79161,0.12504,0.00695,
0.0,0.963,0.00925,0.00925,0.00925,0.00925,0.0,0.8004,0.13636,0.03557,0.01871,0.00895,0.0,0.01747,0.0388,0.80486,0.1243,0.01457,0.0,0.963,0.00925,0.00925,0.00925,0.00925,0.0,0.963,0.00925,0.00925,0.00925,0.00925,0.10455,0.23504,0.2286,0.22544,0.15813,0.04825,0.10455,0.23504,0.2286,0.22544,0.15813,0.04825,1.0,0.0,0.0,0.0,0.0,0.0,0.08571,0.26415,0.23248,0.22224,0.15146,0.04396,0.0,0.963,0.00925,0.00925,0.00925,0.00925,0.08571,0.26415,0.23248,0.22224,0.15146,0.04396,0.0,0.00741,0.03705,0.82958,0.11855,0.00741,
0.0,0.96341,0.00915,0.00915,0.00915,0.00915,0.0,0.78976,0.1489,0.03515,0.01744,0.00875,0.0,0.01811,0.01076,0.85362,0.10191,0.0156,0.0,0.96341,0.00915,0.00915,0.00915,0.00915,0.0,0.96341,0.00915,0.00915,0.00915,0.00915,0.10647,0.23465,0.22568,0.22987,0.15438,0.04894,0.10647,0.23465,0.22568,0.22987,0.15438,0.04894,1.0,0.0,0.0,0.0,0.0,0.0,0.08731,0.26376,0.22963,0.22729,0.14731,0.0447,0.0,0.96341,0.00915,0.00915,0.00915,0.00915,0.08731,0.26376,0.22963,0.22729,0.14731,0.0447,0.0,0.00807,0.00807,0.89513,0.08067,0.00807,
